Item ID	Volume	Year	Title	Author	BHLCreatorID	StartPageBHLURL	EndPageBHLURL	Plate no	Latin Name	English Name
197159	1	1863	Ornithorhynchus anatinus, Ornithorhynchus, [Pl. 1]	Gould, John	7221	https://wwwbiodiversitylibraryorg/page/49738049	https://wwwbiodiversitylibraryorg/page/49738053	1	Ornithorhynchus anatinus	Ornithorhynchus
197159	1	1863	Echidna hystrix, Cuv., Spiny Echidna, [Pl. 2]	Gould, John	7221	https://www.biodiversitylibrary.org/page/49738055	https://www.biodiversitylibrary.org/page/49738057	2	Echidna hystrix, Cuv.	Spiny Echidna
197159	1	1863	Echidna setosa, Cuv., Hairy Echidna, [Pl. 3]	Gould, John	7221	https://www.biodiversitylibrary.org/page/49738059	https://www.biodiversitylibrary.org/page/49738060	3	Echidna setosa, Cuv.	Hairy Echidna
197159	1	1863	Myrmecobius fasciatus, Waterh., Banded Myrmecobius, [Pl. 4]	Gould, John	7221	https://www.biodiversitylibrary.org/page/49738063	https://www.biodiversitylibrary.org/page/49738064	4	Myrmecobius fasciatus, Waterh.	Banded Myrmecobius
197159	1	1863	Tarsipes rostratus, Gerv. et Verr., Long-nosed Tarsipes, [Pl. 5]	Gould, John	7221	https://www.biodiversitylibrary.org/page/49738067	https://www.biodiversitylibrary.org/page/49738068	5	Tarsipes rostratus, Gerv. et Verr.	Long-nosed Tarsipes
197159	1	1863	Choeropus castanotis, Chestnut-eared Choeropus, [Pl. 6]	Gould, John	7221	https://www.biodiversitylibrary.org/page/49738071	https://www.biodiversitylibrary.org/page/49738072	6	Choeropus castanotis	Chestnut-eared Choeropus
197159	1	1863	Peragalea lagotis, Long-eared Peragalea, [Pl. 7]	Gould, John	7221	https://www.biodiversitylibrary.org/page/49738075	https://www.biodiversitylibrary.org/page/49738076	7	Peragalea lagotis	Long-eared Peragalea
197159	1	1863	Perameles fasciata, Gray., Banded Perameles, [Pl. 8]	Gould, John	7221	https://www.biodiversitylibrary.org/page/49738079	https://www.biodiversitylibrary.org/page/49738080	8	Perameles fasciata, Gray.	Banded Perameles
197159	1	1863	Perameles Gunnii, Gray., Gunn’s Perameles, [Pl. 9]	Gould, John	7221	https://www.biodiversitylibrary.org/page/49738083	https://www.biodiversitylibrary.org/page/49738084	9	Perameles Gunnii, Gray.	Gunn’s Perameles
197159	1	1863	Perameles myosurus, Wagn., Saddle-backed Perameles, [Pl. 10]	Gould, John	7221	https://www.biodiversitylibrary.org/page/49738087	https://www.biodiversitylibrary.org/page/49738088	10	Perameles myosurus, Wagn.	Saddle-backed Perameles
197159	1	1863	Perameles nasuta, Geoff., Long-nosed Perameles, [Pl. 11]	Gould, John	7221	https://www.biodiversitylibrary.org/page/49738091	https://www.biodiversitylibrary.org/page/49738092	11	Perameles nasuta, Geoff.	Long-nosed Perameles
197159	1	1863	Perameles obesula, Geoff., Short-nosed Perameles, [Pl. 12]	Gould, John	7221	https://www.biodiversitylibrary.org/page/49738095	https://www.biodiversitylibrary.org/page/49738097	12	Perameles obesula, Geoff.	Short-nosed Perameles
197159	1	1863	Phascolarctos cinereus, Koala, [Pl. 13-14]	Gould, John	7221	https://www.biodiversitylibrary.org/page/49738099	https://www.biodiversitylibrary.org/page/49738105	13-14	Phascolarctos cinereus	Koala
197159	1	1863	Phalangista fuliginosa, Ogilby., Sooty Phalangista, [Pl. 15]	Gould, John	7221	https://www.biodiversitylibrary.org/page/49738107	https://www.biodiversitylibrary.org/page/49738108	15	Phalangista fuliginosa, Ogilby.	Sooty Phalangista
197159	1	1863	Phalangista vulpina, Desm., Vulpine Phalangista, [Pl. 16]	Gould, John	7221	https://www.biodiversitylibrary.org/page/49738111	https://www.biodiversitylibrary.org/page/49738113	16	Phalangista vulpina, Desm.	Vulpine Phalangista
197159	1	1863	Phalangista canina, Ogilby., Short-eared Phalangista, [Pl. 17]	Gould, John	7221	https://www.biodiversitylibrary.org/page/49738115	https://www.biodiversitylibrary.org/page/49738116	17	Phalangista canina, Ogilby.	Short-eared Phalangista
197159	1	1863	Phalangista Cookii, Desm., Cook’s Phalangista, [Pl. 18]	Gould, John	7221	https://www.biodiversitylibrary.org/page/49738119	https://www.biodiversitylibrary.org/page/49738120	18	Phalangista Cookii, Desm.	Cook’s Phalangista
197159	1	1863	Phalangista Viverrina, Ogilby., Viverrine Phalangista, [Pl. 19]	Gould, John	7221	https://www.biodiversitylibrary.org/page/49738123	https://www.biodiversitylibrary.org/page/49738125	19	Phalangista Viverrina, Ogilby.	Viverrine Phalangista
197159	1	1863	Phalangista lanuginosa, Gould., Woolly Phalanger, [Pl. 20]	Gould, John	7221	https://www.biodiversitylibrary.org/page/49738127	https://www.biodiversitylibrary.org/page/49738128	20	Phalangista lanuginosa, Gould.	Woolly Phalanger
197159	1	1863	Cuscus brevicaudatus, Gray., Short-tailed Cuscus, [Pl. 21]	Gould, John	7221	https://www.biodiversitylibrary.org/page/49738131	https://www.biodiversitylibrary.org/page/49738132	21	Cuscus brevicaudatus, Gray.	Short-tailed Cuscus
197159	1	1863	Petaurista Taguanoides, Desm., Great Flying Phalanger, [Pl. 22]	Gould, John	7221	https://www.biodiversitylibrary.org/page/49738135	https://www.biodiversitylibrary.org/page/49738136	22	Petaurista Taguanoides, Desm.	Great Flying Phalanger
197159	1	1863	Belideus flaviventer, Long-tailed Belideus, [Pl. 23]	Gould, John	7221	https://www.biodiversitylibrary.org/page/49738139	https://www.biodiversitylibrary.org/page/49738140	23	Belideus flaviventer	Long-tailed Belideus
197159	1	1863	Belideus sciureus, Squirrel-like Belideus, [Pl. 24]	Gould, John	7221	https://www.biodiversitylibrary.org/page/49738143	https://www.biodiversitylibrary.org/page/49738144	24	Belideus sciureus	Squirrel-like Belideus
197159	1	1863	Belideus breviceps, Waterh., Short-headed Belideus, [Pl. 25]	Gould, John	7221	https://www.biodiversitylibrary.org/page/49738147	https://www.biodiversitylibrary.org/page/49738148	25	Belideus breviceps, Waterh.	Short-headed Belideus
197159	1	1863	Belideus notatus, Peters., Stripe-tailed Belideus, [Pl. 26]	Gould, John	7221	https://www.biodiversitylibrary.org/page/49738151	https://www.biodiversitylibrary.org/page/49738152	26	Belideus notatus, Peters.	Stripe-tailed Belideus
197159	1	1863	Belideus Ariel, Gould., Ariel Belideus, [Pl. 27]	Gould, John	7221	https://www.biodiversitylibrary.org/page/49738155	https://www.biodiversitylibrary.org/page/49738156	27	Belideus Ariel, Gould.	Ariel Belideus
197159	1	1863	Acrobates pygmaeus, Desm., Pygmy Acrobates, [Pl. 28]	Gould, John	7221	https://www.biodiversitylibrary.org/page/49738159	https://www.biodiversitylibrary.org/page/49738160	28	Acrobates pygmaeus, Desm.	Pygmy Acrobates
197159	1	1863	Dromicia gliriformis, Thick-tailed Dromicia, [Pl. 29]	Gould, John	7221	https://www.biodiversitylibrary.org/page/49738163	https://www.biodiversitylibrary.org/page/49738164	29	Dromicia gliriformis	Thick-tailed Dromicia
197159	1	1863	Dromicia concinna, Gould., Beautiful Dromicia, [Pl. 30]	Gould, John	7221	https://www.biodiversitylibrary.org/page/49738167	https://www.biodiversitylibrary.org/page/49738168	30	Dromicia concinna, Gould.	Beautiful Dromicia
197159	1	1863	Phascogale penicillata, Brush-tailed Phascogale, [Pl. 31]	Gould, John	7221	https://www.biodiversitylibrary.org/page/49738171	https://www.biodiversitylibrary.org/page/49738172	31	Phascogale penicillata	Brush-tailed Phascogale
197159	1	1863	Dromicia calura, Gould., Handsome-tailed Phascogale, [Pl. 32]	Gould, John	7221	https://www.biodiversitylibrary.org/page/49738175	https://www.biodiversitylibrary.org/page/49738176	32	Dromicia calura, Gould.	Handsome-tailed Phascogale
197159	1	1863	Dromicia lanigera, Gould., Woolly Phascogale, [Pl. 33]	Gould, John	7221	https://www.biodiversitylibrary.org/page/49738179	https://www.biodiversitylibrary.org/page/49738180	33	Dromicia lanigera, Gould.	Woolly Phascogale
197159	1	1863	Antechinus Swainsoni, Swainson’s Antechinus, [Pl. 34]	Gould, John	7221	https://www.biodiversitylibrary.org/page/49738183	https://www.biodiversitylibrary.org/page/49738184	34	Antechinus Swainsoni	Swainson’s Antechinus
197159	1	1863	Antechinus leucopus, Gray., White-footed Antechinus, [Pl. 35]	Gould, John	7221	https://www.biodiversitylibrary.org/page/49738187	https://www.biodiversitylibrary.org/page/49738188	35	Antechinus leucopus, Gray.	White-footed Antechinus
197159	1	1863	Antechinus ferruginifrons, Gould., Rusty-fronted Antechinus, [Pl. 36]	Gould, John	7221	https://www.biodiversitylibrary.org/page/49738191	https://www.biodiversitylibrary.org/page/49738192	36	Antechinus ferruginifrons, Gould.	Rusty-fronted Antechinus
197159	1	1863	Antechinus unicolor, Gould., Dusky Antechinus, [Pl. 37]	Gould, John	7221	https://www.biodiversitylibrary.org/page/49738195	https://www.biodiversitylibrary.org/page/49738196	37	Antechinus unicolor, Gould.	Dusky Antechinus
197159	1	1863	Antechinus leucogaster, Gray., White-bellied Antechinus, [Pl. 38]	Gould, John	7221	https://www.biodiversitylibrary.org/page/49738199	https://www.biodiversitylibrary.org/page/49738200	38	Antechinus leucogaster, Gray.	White-bellied Antechinus
197159	1	1863	Antechinus apicalis, Freckled Antechinus, [Pl. 39]	Gould, John	7221	https://www.biodiversitylibrary.org/page/49738203	https://www.biodiversitylibrary.org/page/49738204	39	Antechinus apicalis	Freckled Antechinus
197159	1	1863	Antechinus flavipes, Rusty-footed Antechinus, [Pl. 40]	Gould, John	7221	https://www.biodiversitylibrary.org/page/49738207	https://www.biodiversitylibrary.org/page/49738208	40	Antechinus flavipes	Rusty-footed Antechinus
197159	1	1863	Antechinus fuliginosus, Gould., Sooty Antechinus, [Pl. 41]	Gould, John	7221	https://www.biodiversitylibrary.org/page/49738211	https://www.biodiversitylibrary.org/page/49738212	41	Antechinus fuliginosus, Gould.	Sooty Antechinus
197159	1	1863	Antechinus albipes, White-footed Antechinus, [Pl. 42]	Gould, John	7221	https://www.biodiversitylibrary.org/page/49738215	https://www.biodiversitylibrary.org/page/49738216	42	Antechinus albipes	White-footed Antechinus
197159	1	1863	Antechinus murinus, Murine Antechinus, [Pl. 43]	Gould, John	7221	https://www.biodiversitylibrary.org/page/49738219	https://www.biodiversitylibrary.org/page/49738220	43	Antechinus murinus	Murine Antechinus
197159	1	1863	Antechinus maculatus, Gould., Spotted Antechinus, [Pl. 44]	Gould, John	7221	https://www.biodiversitylibrary.org/page/49738223	https://www.biodiversitylibrary.org/page/49738224	44	Antechinus maculatus, Gould.	Spotted Antechinus
197159	1	1863	Antechinus minutissimus, Gould., Minute Antechinus, [Pl. 45]	Gould, John	7221	https://www.biodiversitylibrary.org/page/49738227	https://www.biodiversitylibrary.org/page/49738228	45	Antechinus minutissimus, Gould.	Minute Antechinus
197159	1	1863	Podabrus macrourus, Gould., Large-tailed Podabrus, [Pl. 46]	Gould, John	7221	https://www.biodiversitylibrary.org/page/49738231	https://www.biodiversitylibrary.org/page/49738232	46	Podabrus macrourus, Gould.	Large-tailed Podabrus
197159	1	1863	Podabrus crassicaudatus, Gould., Thick-tailed Podabrus, [Pl. 47]	Gould, John	7221	https://www.biodiversitylibrary.org/page/49738235	https://www.biodiversitylibrary.org/page/49738236	47	Podabrus crassicaudatus, Gould.	Thick-tailed Podabrus
197159	1	1863	Sarcophilus ursinus, Ursine Sarcophilus, [Pl. 48]	Gould, John	7221	https://www.biodiversitylibrary.org/page/49738239	https://www.biodiversitylibrary.org/page/49738240	48	Sarcophilus ursinus	Ursine Sarcophilus
197159	1	1863	Dasyurus maculatus, Spotted-tailed Dasyurus, [Pl. 49]	Gould, John	7221	https://www.biodiversitylibrary.org/page/49738243	https://www.biodiversitylibrary.org/page/49738244	49	Dasyurus maculatus	Spotted-tailed Dasyurus
197159	1	1863	Dasyurus Viverrinus, Variable Dasyurus, [Pl. 50]	Gould, John	7221	https://www.biodiversitylibrary.org/page/49738247	https://www.biodiversitylibrary.org/page/49738248	50	Dasyurus Viverrinus	Variable Dasyurus
197159	1	1863	Dasyurus Geoffroyi, Gould., Geoffroy’s Dasyurus, [Pl. 51]	Gould, John	7221	https://www.biodiversitylibrary.org/page/49738251	https://www.biodiversitylibrary.org/page/49738252	51	Dasyurus Geoffroyi, Gould.	Geoffroy’s Dasyurus
197159	1	1863	Dasyurus hallucatus, Gould., North Australian Dasyurus, [Pl. 52]	Gould, John	7221	https://www.biodiversitylibrary.org/page/49738255	https://www.biodiversitylibrary.org/page/49738256	52	Dasyurus hallucatus, Gould.	North Australian Dasyurus
197159	1	1863	Thylacinus cynocephalus, Thylacinus, [Pl. 53-54]	Gould, John	7221	https://www.biodiversitylibrary.org/page/49738259	https://www.biodiversitylibrary.org/page/49738260	53-54	Thylacinus cynocephalus	Thylacinus
197159	1	1863	Phascolomys Wombat, Per et Les., Wombat, [Pl. 55-56]	Gould, John	7221	https://www.biodiversitylibrary.org/page/49738267	https://www.biodiversitylibrary.org/page/49738273	55-56	Phascolomys Wombat, Per et Les.	Wombat
197159	1	1863	Phascolomys latifrons, Owen., Broad-fronted Wombat, [Pl. 57-58]	Gould, John	7221	https://www.biodiversitylibrary.org/page/49738275	https://www.biodiversitylibrary.org/page/49738280	57-58	Phascolomys latifrons, Owen.	Broad-fronted Wombat
197159	1	1863	Phascolomys lasiorhinus, Gould., Hairy-nosed Wombat, [Pl. 59-60]	Gould, John	7221	https://www.biodiversitylibrary.org/page/49738283	https://www.biodiversitylibrary.org/page/49738289	59-60	Phascolomys lasiorhinus, Gould.	Hairy-nosed Wombat
197165	2	1863	Macropus major, Shaw., Great Grey Kangaroo, [Pl. 1-2]	Gould, John	7221	https://www.biodiversitylibrary.org/page/49740643	https://www.biodiversitylibrary.org/page/49740651	1-2	Macropus major, Shaw.	Great Grey Kangaroo
197165	2	1863	Macropus ocydromus, Gould., West- Australian Great Kangaroo, [Pl. 3-4]	Gould, John	7221	https://www.biodiversitylibrary.org/page/49740653	https://www.biodiversitylibrary.org/page/49740658	3-4	Macropus ocydromus, Gould.	West- Australian Great Kangaroo
197165	2	1863	Macropus fuliginosus, Sooty Kangaroo, [Pl. 5]	Gould, John	7221	https://www.biodiversitylibrary.org/page/49740661	https://www.biodiversitylibrary.org/page/49740662	5	Macropus fuliginosus	Sooty Kangaroo
197165	2	1863	Osphranter rufus, Great Red Kangaroo, [Pl. 6-7]	Gould, John	7221	https://www.biodiversitylibrary.org/page/49740665	https://www.biodiversitylibrary.org/page/49740671	6-7	Osphranter rufus	Great Red Kangaroo
197165	2	1863	Osphranter Antilopinus, Gould., Red Wallaroo, [Pl. 8-9]	Gould, John	7221	https://www.biodiversitylibrary.org/page/49740673	https://www.biodiversitylibrary.org/page/49740678	8-9	Osphranter Antilopinus, Gould.	Red Wallaroo
197165	2	1863	Osphranter robustus, Gould., Black Wallaroo, [Pl. 10-11]	Gould, John	7221	https://www.biodiversitylibrary.org/page/49740681	https://www.biodiversitylibrary.org/page/49740687	10-11	Osphranter robustus, Gould.	Black Wallaroo
197165	2	1863	Osphranter? Parryi, Parry’s Wallaroo, [Pl. 12-13]	Gould, John	7221	https://www.biodiversitylibrary.org/page/49740689	https://www.biodiversitylibrary.org/page/49740694	12-13	Osphranter? Parryi	Parry’s Wallaroo
197165	2	1863	Halmaturus ruficollis, Rufous-necked Wallaby, [Pl. 14-15]	Gould, John	7221	https://www.biodiversitylibrary.org/page/49740697	https://www.biodiversitylibrary.org/page/49740702	14-15	Halmaturus ruficollis	Rufous-necked Wallaby
197165	2	1863	Halmaturus Bennetti, Bennett’s Wallaby, [Pl. 16-17]	Gould, John	7221	https://www.biodiversitylibrary.org/page/49740705	https://www.biodiversitylibrary.org/page/49740711	16-17	Halmaturus Bennetti	Bennett’s Wallaby
197165	2	1863	Halmaturus Greyi, Gray., Grey’s Wallaby, [Pl. 18-19]	Gould, John	7221	https://www.biodiversitylibrary.org/page/49740713	https://www.biodiversitylibrary.org/page/49740718	18-19	Halmaturus Greyi, Gray.	Grey’s Wallaby
197165	2	1863	Halmaturus manicatus, Gould., Black-gloved Wallaby, [Pl. 20-21]	Gould, John	7221	https://www.biodiversitylibrary.org/page/49740721	https://www.biodiversitylibrary.org/page/49740726	20-21	Halmaturus manicatus, Gould.	Black-gloved Wallaby
197165	2	1863	Halmaturus Ualabatus, Black Wallaby, [Pl. 22-23]	Gould, John	7221	https://www.biodiversitylibrary.org/page/49740729	https://www.biodiversitylibrary.org/page/49740734	22-23	Halmaturus Ualabatus	Black Wallaby
197165	2	1863	Halmaturus agilis, Gould., Agile Wallaby, [Pl. 24-25]	Gould, John	7221	https://www.biodiversitylibrary.org/page/49740737	https://www.biodiversitylibrary.org/page/49740742	24-25	Halmaturus agilis, Gould.	Agile Wallaby
197165	2	1863	Halmaturus dorsalis, Gray., Black-striped Wallaby, [Pl. 26-27]	Gould, John	7221	https://www.biodiversitylibrary.org/page/49740745	https://www.biodiversitylibrary.org/page/49740750	26-27	Halmaturus dorsalis, Gray.	Black-striped Wallaby
197165	2	1863	Halmaturus Parma, Gould., Parma Wallaby, [Pl. 28]	Gould, John	7221	https://www.biodiversitylibrary.org/page/49740753	https://www.biodiversitylibrary.org/page/49740754	28	Halmaturus Parma, Gould.	Parma Wallaby
197165	2	1863	Halmaturus Derbianus, Gray., Derby’s Wallaby, [Pl. 29-30]	Gould, John	7221	https://www.biodiversitylibrary.org/page/49740757	https://www.biodiversitylibrary.org/page/49740762	29-30	Halmaturus Derbianus, Gray.	Derby’s Wallaby
197165	2	1863	Halmaturus Thetidis, F. Cuv. et Geoff., Pademelon Wallaby, [Pl. 31-32]	Gould, John	7221	https://www.biodiversitylibrary.org/page/49740765	https://www.biodiversitylibrary.org/page/49740770	31-32	Halmaturus Thetidis, F. Cuv. et Geoff.	Pademelon Wallaby
197165	2	1863	Halmaturus stigmaticus, Gould., Branded Wallaby, [Pl. 33-34]	Gould, John	7221	https://www.biodiversitylibrary.org/page/49740773	https://www.biodiversitylibrary.org/page/49740778	33-34	Halmaturus stigmaticus, Gould.	Branded Wallaby
197165	2	1863	Halmaturus Billardieri, Tasmanian Wallaby, [Pl. 35-36]	Gould, John	7221	https://www.biodiversitylibrary.org/page/49740781	https://www.biodiversitylibrary.org/page/49740786	35-36	Halmaturus Billardieri	Tasmanian Wallaby
197165	2	1863	Halmaturus brachyurus, Short-tailed Wallaby, [Pl. 37-38]	Gould, John	7221	https://www.biodiversitylibrary.org/page/49740789	https://www.biodiversitylibrary.org/page/49740794	37-38	Halmaturus brachyurus	Short-tailed Wallaby
197165	2	1863	Petrogale penicillata, Gray., Brush-tailed Rock-Wallaby, [Pl. 39-40]	Gould, John	7221	https://www.biodiversitylibrary.org/page/49740797	https://www.biodiversitylibrary.org/page/49740803	39-40	Petrogale penicillata, Gray.	Brush-tailed Rock-Wallaby
197165	2	1863	Petrogale lateralis, Gould., Stripe-sided Rock-Wallaby, [Pl. 41-42]	Gould, John	7221	https://www.biodiversitylibrary.org/page/49740805	https://www.biodiversitylibrary.org/page/49740810	41-42	Petrogale lateralis, Gould.	Stripe-sided Rock-Wallaby
197165	2	1863	Petrogale xanthopus, Gould., Yellow-footed Rock-Wallaby, [Pl. 43-44]	Gould, John	7221	https://www.biodiversitylibrary.org/page/49740813	https://www.biodiversitylibrary.org/page/49740818	43-44	Petrogale xanthopus, Gould.	Yellow-footed Rock-Wallaby
197165	2	1863	Petrogale inornata, Gould., Unadorned Rock-Wallaby, [Pl. 45-46]	Gould, John	7221	https://www.biodiversitylibrary.org/page/49740821	https://www.biodiversitylibrary.org/page/49740826	45-46	Petrogale inornata, Gould.	Unadorned Rock-Wallaby
197165	2	1863	Petrogale brachyotis, Gould., Short-eared Rock- Wallaby, [Pl. 47]	Gould, John	7221	https://www.biodiversitylibrary.org/page/49740829	https://www.biodiversitylibrary.org/page/49740830	47	Petrogale brachyotis, Gould.	Short-eared Rock- Wallaby
197165	2	1863	Petrogale concinna, Gould., Little Rock-Wallaby, [Pl. 48]	Gould, John	7221	https://www.biodiversitylibrary.org/page/49740833	https://www.biodiversitylibrary.org/page/49740834	48	Petrogale concinna, Gould.	Little Rock-Wallaby
197165	2	1863	Dendrolagus ursinus, Müll., Black Tree-Kangaroo, [Pl. 49]	Gould, John	7221	https://www.biodiversitylibrary.org/page/49740837	https://www.biodiversitylibrary.org/page/49740838	49	Dendrolagus ursinus, Müll.	Black Tree-Kangaroo
197165	2	1863	Dendrolagus inustus, Müll., Brown Tree-Kangaroo, [Pl. 50]	Gould, John	7221	https://www.biodiversitylibrary.org/page/49740841	https://www.biodiversitylibrary.org/page/49740842	50	Dendrolagus inustus, Müll.	Brown Tree-Kangaroo
197165	2	1863	Dorcopsis Bruni, Filander, [Pl. 51]	Gould, John	7221	https://www.biodiversitylibrary.org/page/49740845	https://www.biodiversitylibrary.org/page/49740847	51	Dorcopsis Bruni	Filander
197165	2	1863	Onychogalea unguifer, Gould., Nail-tailed Kangaroo, [Pl. 52-53]	Gould, John	7221	https://www.biodiversitylibrary.org/page/49740849	https://www.biodiversitylibrary.org/page/49740854	52-53	Onychogalea unguifer, Gould.	Nail-tailed Kangaroo
197165	2	1863	Onychogalea fraenata, Gould., Bi’idled Nail-tailed Kangaroo, [Pl. 54]	Gould, John	7221	https://www.biodiversitylibrary.org/page/49740857	https://www.biodiversitylibrary.org/page/49740859	54	Onychogalea fraenata, Gould.	Bi’idled Nail-tailed Kangaroo
197165	2	1863	Onychogalea lunata, Gould., Lunated Nail-tailed Kangaroo, [Pl. 55]	Gould, John	7221	https://www.biodiversitylibrary.org/page/49740861	https://www.biodiversitylibrary.org/page/49740862	55	Onychogalea lunata, Gould.	Lunated Nail-tailed Kangaroo
197165	2	1863	Lagorchestes fasciatus, Banded Hare-Kangaroo, [Pl. 56]	Gould, John	7221	https://www.biodiversitylibrary.org/page/49740865	https://www.biodiversitylibrary.org/page/49740867	56	Lagorchestes fasciatus	Banded Hare-Kangaroo
197165	2	1863	Lagorchestes Leporoïdes, Gould., Hare-Kangaroo, [Pl. 57]	Gould, John	7221	https://www.biodiversitylibrary.org/page/49740869	https://www.biodiversitylibrary.org/page/49740870	57	Lagorchestes Leporoïdes, Gould.	Hare-Kangaroo
197165	2	1863	Lagorchestes hirsutus, Gould., Rufous Hare-Kangaroo, [Pl. 58]	Gould, John	7221	https://www.biodiversitylibrary.org/page/49740873	https://www.biodiversitylibrary.org/page/49740874	58	Lagorchestes hirsutus, Gould.	Rufous Hare-Kangaroo
197165	2	1863	Lagorchestes conspicillatus, Gould., Spectacled Hare-Kangaroo, [Pl. 58]	Gould, John	7221	https://www.biodiversitylibrary.org/page/49740877	https://www.biodiversitylibrary.org/page/49740878	58	Lagorchestes conspicillatus, Gould.	Spectacled Hare-Kangaroo
197165	2	1863	Lagorchestes Leichardti, Gould., Leichardt’s Hare-Kangaroo, [Pl. 60]	Gould, John	7221	https://www.biodiversitylibrary.org/page/49740881	https://www.biodiversitylibrary.org/page/49740882	60	Lagorchestes Leichardti, Gould.	Leichardt’s Hare-Kangaroo
197165	2	1863	Bettongia penicillata, Gray., Jerboa-Kangaroo, [Pl. 61]	Gould, John	7221	https://www.biodiversitylibrary.org/page/49740885	https://www.biodiversitylibrary.org/page/49740886	61	Bettongia penicillata, Gray.	Jerboa-Kangaroo
197165	2	1863	Bettongia Ogilbyi, Gould., Ogilby’s Jerboa-Kangaroo, [Pl. 62]	Gould, John	7221	https://www.biodiversitylibrary.org/page/49740889	https://www.biodiversitylibrary.org/page/49740890	62	Bettongia Ogilbyi, Gould.	Ogilby’s Jerboa-Kangaroo
197165	2	1863	Bettongia Cuniculus, Tasmanian Jerboa-Kangaroo, [Pl. 63]	Gould, John	7221	https://www.biodiversitylibrary.org/page/49740893	https://www.biodiversitylibrary.org/page/49740894	63	Bettongia Cuniculus	Tasmanian Jerboa-Kangaroo
197165	2	1863	Bettongia Graii, Gould., Gray’s Jerboa-Kangaroo, [Pl. 64]	Gould, John	7221	https://www.biodiversitylibrary.org/page/49740897	https://www.biodiversitylibrary.org/page/49740898	64	Bettongia Graii, Gould.	Gray’s Jerboa-Kangaroo
197165	2	1863	Bettongia rufescens, Gray., Rufous Jerboa-Kangaroo, [Pl. 65]	Gould, John	7221	https://www.biodiversitylibrary.org/page/49740901	https://www.biodiversitylibrary.org/page/49740902	65	Bettongia rufescens, Gray.	Rufous Jerboa-Kangaroo
197165	2	1863	Bettongia campestris, Gould., Plain-loving Jerboa-Kangaroo, [Pl. 66]	Gould, John	7221	https://www.biodiversitylibrary.org/page/49740905	https://www.biodiversitylibrary.org/page/49740906	66	Bettongia campestris, Gould.	Plain-loving Jerboa-Kangaroo
197165	2	1863	Hypsiprymnus murinus, New South Wales Rat-Kangaroo, [Pl. 67]	Gould, John	7221	https://www.biodiversitylibrary.org/page/49740909	https://www.biodiversitylibrary.org/page/49740910	67	Hypsiprymnus murinus	New South Wales Rat-Kangaroo
197165	2	1863	Hypsiprymnus apicalis, Gould., Tasmanian Rat-Kangaroo, [Pl. 68]	Gould, John	7221	https://www.biodiversitylibrary.org/page/49740913	https://www.biodiversitylibrary.org/page/49740914	68	Hypsiprymnus apicalis, Gould.	Tasmanian Rat-Kangaroo
197165	2	1863	Hypsiprymnus Gilberti, Gould., Gilbert’s Rat-Kangaroo, [Pl. 69]	Gould, John	7221	https://www.biodiversitylibrary.org/page/49740917	https://www.biodiversitylibrary.org/page/49740918	69	Hypsiprymnus Gilberti, Gould.	Gilbert’s Rat-Kangaroo
197165	2	1863	Hypsiprymnus platyops, Gould., Broad-faced Rat-Kangaroo, [Pl. 70]	Gould, John	7221	https://www.biodiversitylibrary.org/page/49740921	https://www.biodiversitylibrary.org/page/49740922	70	Hypsiprymnus platyops, Gould.	Broad-faced Rat-Kangaroo
197034	3	1863	Hapalotis albipes, Licht., White-footed Hapalotis, [Pl. 1]	Gould, John	7221	https://www.biodiversitylibrary.org/page/49706018	https://www.biodiversitylibrary.org/page/49706017	1	Hapalotis albipes, Licht.	White-footed Hapalotis
197034	3	1863	Hapalotis apicalis, Gould., White-tipped Hapalotis, [Pl. 2]	Gould, John	7221	https://www.biodiversitylibrary.org/page/49706014	https://www.biodiversitylibrary.org/page/49706013	2	Hapalotis apicalis, Gould.	White-tipped Hapalotis
197034	3	1863	Hapalotis hemileucura, Gray., Elsey’s Hapalotis, [Pl. 3]	Gould, John	7221	https://www.biodiversitylibrary.org/page/49706010	https://www.biodiversitylibrary.org/page/49706009	3	Hapalotis hemileucura, Gray.	Elsey’s Hapalotis
197034	3	1863	Hapalotis hirsutus, Gould., Long-haired Hapalotis, [Pl. 4]	Gould, John	7221	https://www.biodiversitylibrary.org/page/49706006	https://www.biodiversitylibrary.org/page/49706005	4	Hapalotis hirsutus, Gould.	Long-haired Hapalotis
197034	3	1863	Hapalotis penicillata, Gould., Pencil-tailed Plapalotis, [Pl. 5]	Gould, John	7221	https://www.biodiversitylibrary.org/page/49706002	https://www.biodiversitylibrary.org/page/49706001	5	Hapalotis penicillata, Gould.	Pencil-tailed Plapalotis
197034	3	1863	Hapalotis conditor, Gould., Building Hapalotis, [Pl. 6]	Gould, John	7221	https://www.biodiversitylibrary.org/page/49705998	https://www.biodiversitylibrary.org/page/49705997	6	Hapalotis conditor, Gould.	Building Hapalotis
197034	3	1863	Hapalotis murinus, Gould., Murine Hapalotis, [Pl. 7]	Gould, John	7221	https://www.biodiversitylibrary.org/page/49705994	https://www.biodiversitylibrary.org/page/49705993	7	Hapalotis murinus, Gould.	Murine Hapalotis
197034	3	1863	Hapalotis longicaudata, Gould., Long-tailed Hapalotis, [Pl. 8]	Gould, John	7221	https://www.biodiversitylibrary.org/page/49705990	https://www.biodiversitylibrary.org/page/49705989	8	Hapalotis longicaudata, Gould.	Long-tailed Hapalotis
197034	3	1863	Hapalotis Mitchellii, Mitchell’s Hapalotis, [Pl. 9]	Gould, John	7221	https://www.biodiversitylibrary.org/page/49705986	https://www.biodiversitylibrary.org/page/49705985	9	Hapalotis Mitchellii	Mitchell’s Hapalotis
197034	3	1863	Hapalotis cervinus, Gould., Fawn-coloured Hapalotis, [Pl. 10]	Gould, John	7221	https://www.biodiversitylibrary.org/page/49705982	https://www.biodiversitylibrary.org/page/49705981	10	Hapalotis cervinus, Gould.	Fawn-coloured Hapalotis
197034	3	1863	Mus fuscipes, Waterh., Dusky-footed Rat, [Pl. 11]	Gould, John	7221	https://www.biodiversitylibrary.org/page/49705978	https://www.biodiversitylibrary.org/page/49705977	11	Mus fuscipes, Waterh.	Dusky-footed Rat
197034	3	1863	Mus vellerosus, Gray., Tawny Rat, [Pl. 12]	Gould, John	7221	https://www.biodiversitylibrary.org/page/49705944	https://www.biodiversitylibrary.org/page/49705945	12	Mus vellerosus, Gray.	Tawny Rat
197034	3	1863	Mus longipilis, Gould., Long-haired Rat, [Pl. 13]	Gould, John	7221	https://www.biodiversitylibrary.org/page/49705948	https://www.biodiversitylibrary.org/page/49705949	13	Mus longipilis, Gould.	Long-haired Rat
197034	3	1863	Mus cervinipes, Gould., Buff-footed Rat, [Pl. 14]	Gould, John	7221	https://www.biodiversitylibrary.org/page/49705952	https://www.biodiversitylibrary.org/page/49705953	14	Mus cervinipes, Gould.	Buff-footed Rat
197034	3	1863	Mus assimilis, Gould., Allied Rat, [Pl. 15]	Gould, John	7221	https://www.biodiversitylibrary.org/page/49705956	https://www.biodiversitylibrary.org/page/49705957	15	Mus assimilis, Gould.	Allied Rat
197034	3	1863	Mus manicatus, Gould., White-footed Rat, [Pl. 16]	Gould, John	7221	https://www.biodiversitylibrary.org/page/49705960	https://www.biodiversitylibrary.org/page/49705961	16	Mus manicatus, Gould.	White-footed Rat
197034	3	1863	Mus sordidus, Gould., Sordid Rat, [Pl. 17]	Gould, John	7221	https://www.biodiversitylibrary.org/page/49705964	https://www.biodiversitylibrary.org/page/49705965	17	Mus sordidus, Gould.	Sordid Rat
197034	3	1863	Mus lineolatus, Gould., Plain Rat, [Pl. 18]	Gould, John	7221	https://www.biodiversitylibrary.org/page/49705968	https://www.biodiversitylibrary.org/page/49705969	18	Mus lineolatus, Gould.	Plain Rat
197034	3	1863	Mus gouldi, Waterh., White-footed Mouse, [Pl. 19]	Gould, John	7221	https://www.biodiversitylibrary.org/page/49705972	https://www.biodiversitylibrary.org/page/49705973	19	Mus gouldi, Waterh.	White-footed Mouse
197034	3	1863	Mus nanus, Gould., Little Rat, [Pl. 20]	Gould, John	7221	https://www.biodiversitylibrary.org/page/49706030	https://www.biodiversitylibrary.org/page/49706031	20	Mus nanus, Gould.	Little Rat
197034	3	1863	Mus albocinereus, Gould., Greyish-white Mouse, [Pl. 21]	Gould, John	7221	https://www.biodiversitylibrary.org/page/49706034	https://www.biodiversitylibrary.org/page/49706035	21	Mus albocinereus, Gould.	Greyish-white Mouse
197034	3	1863	Mus Novae-Hollandiae, Waterh., New Holland Field-Mouse, [Pl. 22]	Gould, John	7221	https://www.biodiversitylibrary.org/page/49706038	https://www.biodiversitylibrary.org/page/49706039	22	Mus Novae-Hollandiae, Waterh.	New Holland Field-Mouse
197034	3	1863	Mus delicatulus, Gould., Delicate-coloured Mouse, [Pl. 23]	Gould, John	7221	https://www.biodiversitylibrary.org/page/49706042	https://www.biodiversitylibrary.org/page/49706043	23	Mus delicatulus, Gould.	Delicate-coloured Mouse
197034	3	1863	Hydromys chrysogaster, Geoff., Golden-bellied Beaver-Rat, [Pl. 24]	Gould, John	7221	https://www.biodiversitylibrary.org/page/49706046	https://www.biodiversitylibrary.org/page/49706047	24	Hydromys chrysogaster, Geoff.	Golden-bellied Beaver-Rat
197034	3	1863	Hydromys fulvolavatus, Gould., Fulvous Beaver-Rat, [Pl. 25]	Gould, John	7221	https://www.biodiversitylibrary.org/page/49706050	https://www.biodiversitylibrary.org/page/49706051	25	Hydromys fulvolavatus, Gould.	Fulvous Beaver-Rat
197034	3	1863	Hydromys leucogaster, Geoff., White-bellied Beaver-Rat, [Pl. 26]	Gould, John	7221	https://www.biodiversitylibrary.org/page/49706054	https://www.biodiversitylibrary.org/page/49706055	26	Hydromys leucogaster, Geoff.	White-bellied Beaver-Rat
197034	3	1863	Hydromys fuliginosus, Gould., Sooty Beaver-Rat, [Pl. 27]	Gould, John	7221	https://www.biodiversitylibrary.org/page/49706058	https://www.biodiversitylibrary.org/page/49706059	27	Hydromys fuliginosus, Gould.	Sooty Beaver-Rat
197034	3	1863	Pteropus poliocephalus, Temm., Grey-headed Vampire, [Pl. 28]	Gould, John	7221	https://www.biodiversitylibrary.org/page/49706062	https://www.biodiversitylibrary.org/page/49706063	28	Pteropus poliocephalus, Temm.	Grey-headed Vampire
197034	3	1863	Pteropus conspicillatus, Gould., Spectacled Vampire, [Pl. 29]	Gould, John	7221	https://www.biodiversitylibrary.org/page/49706066	https://www.biodiversitylibrary.org/page/49706067	29	Pteropus conspicillatus, Gould.	Spectacled Vampire
197034	3	1863	Pteropus funereus, Temm., Funereal Vampire, [Pl. 30]	Gould, John	7221	https://www.biodiversitylibrary.org/page/49706070	https://www.biodiversitylibrary.org/page/49706071	30	Pteropus funereus, Temm.	Funereal Vampire
197034	3	1863	Molossus Australis, Gray., Australian Molossus, [Pl. 31]	Gould, John	7221	https://www.biodiversitylibrary.org/page/49706074	https://www.biodiversitylibrary.org/page/49706076	31	Molossus Australis, Gray.	Australian Molossus
197034	3	1863	Taphozous Australis, Gould., Australian Taphozous, [Pl. 32]	Gould, John	7221	https://www.biodiversitylibrary.org/page/49706078	https://www.biodiversitylibrary.org/page/49706079	32	Taphozous Australis, Gould.	Australian Taphozous
197034	3	1863	Rhinolophus megaphyllus, Gray., Great-leaved Horse-shoe Bat, [Pl. 33]	Gould, John	7221	https://www.biodiversitylibrary.org/page/49706082	https://www.biodiversitylibrary.org/page/49706083	33	Rhinolophus megaphyllus, Gray.	Great-leaved Horse-shoe Bat
197034	3	1863	Rhinolophus cervinus, Gould., Fawn-coloured Bat, [Pl. 34]	Gould, John	7221	https://www.biodiversitylibrary.org/page/49706086	https://www.biodiversitylibrary.org/page/49706087	34	Rhinolophus cervinus, Gould.	Fawn-coloured Bat
197034	3	1863	Rhinolophus aurantius, Gray., Orange Horse-shoe Bat, [Pl. 35]	Gould, John	7221	https://www.biodiversitylibrary.org/page/49706090	https://www.biodiversitylibrary.org/page/49706091	35	Rhinolophus aurantius, Gray.	Orange Horse-shoe Bat
197034	3	1863	Nyctophilus Geoffroyi, Leach., Geoffroy’s Nyctophilus, [Pl. 36]	Gould, John	7221	https://www.biodiversitylibrary.org/page/49706094	https://www.biodiversitylibrary.org/page/49706095	36	Nyctophilus Geoffroyi, Leach.	Geoffroy’s Nyctophilus
197034	3	1863	Nyctophilus Geoffroyi, Geoffroy’s Nyctophilus, [Pl. 37]	Gould, John	7221	https://www.biodiversitylibrary.org/page/49706098	https://www.biodiversitylibrary.org/page/49706099	37	Nyctophilus Geoffroyi	Geoffroy’s Nyctophilus
197034	3	1863	Nyctophilus unicolor, Tomes., Tasmanian Nyctophilus, [Pl. 38]	Gould, John	7221	https://www.biodiversitylibrary.org/page/49706102	https://www.biodiversitylibrary.org/page/49706103	38	Nyctophilus unicolor, Tomes.	Tasmanian Nyctophilus
197034	3	1863	Nyctophilus Timoriensis, Western Nyctophilus, [Pl. 39]	Gould, John	7221	https://www.biodiversitylibrary.org/page/49706106	https://www.biodiversitylibrary.org/page/49706107	39	Nyctophilus Timoriensis	Western Nyctophilus
197034	3	1863	Scotopbilus Gouldi, Gray., Gould’s Bat, [Pl. 40]	Gould, John	7221	https://www.biodiversitylibrary.org/page/49706110	https://www.biodiversitylibrary.org/page/49706111	40	Scotopbilus Gouldi, Gray.	Gould’s Bat
197034	3	1863	Scotopbilus morio, Gray., Chocolate Bat, [Pl. 41]	Gould, John	7221	https://www.biodiversitylibrary.org/page/49706114	https://www.biodiversitylibrary.org/page/49706115	41	Scotopbilus morio, Gray.	Chocolate Bat
197034	3	1863	Scotopbilus microdon, Tomes., Small-footed Bat, [Pl. 42]	Gould, John	7221	https://www.biodiversitylibrary.org/page/49706118	https://www.biodiversitylibrary.org/page/49706119	42	Scotopbilus microdon, Tomes.	Small-footed Bat
197034	3	1863	Scotopbilus picatus, Gould., Pied Scotophilus, [Pl. 43]	Gould, John	7221	https://www.biodiversitylibrary.org/page/49706122	https://www.biodiversitylibrary.org/page/49706123	43	Scotopbilus picatus, Gould.	Pied Scotophilus
197034	3	1863	Scotopbilus nigrogriseus, Gould., Blackish-grey Scotophilus, [Pl. 44]	Gould, John	7221	https://www.biodiversitylibrary.org/page/49706126	https://www.biodiversitylibrary.org/page/49706127	44	Scotopbilus nigrogriseus, Gould.	Blackish-grey Scotophilus
197034	3	1863	Scotopbilus Greyi, Gray., Grey’s Scotophilus, [Pl. 45]	Gould, John	7221	https://www.biodiversitylibrary.org/page/49706130	https://www.biodiversitylibrary.org/page/49706131	45	Scotopbilus Greyi, Gray.	Grey’s Scotophilus
197034	3	1863	Scotopbilus pumilus, Gray., Little Bat, [Pl. 46]	Gould, John	7221	https://www.biodiversitylibrary.org/page/49706134	https://www.biodiversitylibrary.org/page/49706135	46	Scotopbilus pumilus, Gray.	Little Bat
197034	3	1863	Vespertilio macropus, Gould., Great-footed Bat, [Pl. 47]	Gould, John	7221	https://www.biodiversitylibrary.org/page/49706138	https://www.biodiversitylibrary.org/page/49706139	47	Vespertilio macropus, Gould.	Great-footed Bat
197034	3	1863	Vespertilio Tasmaniensis, Tasmanian Bat, [Pl. 48]	Gould, John	7221	https://www.biodiversitylibrary.org/page/49706142	https://www.biodiversitylibrary.org/page/49706143	48	Vespertilio Tasmaniensis	Tasmanian Bat
197034	3	1863	Arctocephalus lobatus, Cowled Seal, [Pl. 49]	Gould, John	7221	https://www.biodiversitylibrary.org/page/49706146	https://www.biodiversitylibrary.org/page/49706147	49	Arctocephalus lobatus	Cowled Seal
197034	3	1863	Stenorhynchus leptonyx, Sea Leopard, [Pl. 50]	Gould, John	7221	https://www.biodiversitylibrary.org/page/49706150	https://www.biodiversitylibrary.org/page/49706151	50	Stenorhynchus leptonyx	Sea Leopard
197034	3	1863	Canis dingo, Blumenb., The Dingo, [Pl. 51-52]	Gould, John	7221	https://www.biodiversitylibrary.org/page/49706154	https://www.biodiversitylibrary.org/page/49706160	51-52	Canis dingo, Blumenb.	The Dingo